timestamp,location,speed,disguise_type,success_rate,caught
2024-01-01 00:00:00,East,75.85293712157961,Mask,0.9518039221733976,0
2024-01-01 01:00:00,West,62.88770930752963,Mask,0.6163815735506444,0
2024-01-01 02:00:00,North,44.76220930290622,Hat,0.9036980151699756,0
2024-01-01 03:00:00,East,85.10360157655589,Hat,0.5295469450391266,1
2024-01-01 04:00:00,East,74.77849380431034,Mask,0.9494236940901237,1
2024-01-01 05:00:00,West,33.00935514759131,Hat,0.8253842737793737,0
2024-01-01 06:00:00,North,92.8741747595074,Hat,0.9371133620691758,1
2024-01-01 07:00:00,North,85.80297943385352,Mask,0.500094199778291,0
2024-01-01 08:00:00,East,95.98399306335392,Hat,0.5845405351779962,0
2024-01-01 09:00:00,South,78.0575606710688,Glasses,0.694879693713246,0
2024-01-01 10:00:00,East,69.07321567486319,Glasses,0.6897514516873593,0
2024-01-01 11:00:00,East,53.45944290324951,Glasses,0.6133651914617553,0
2024-01-01 12:00:00,East,94.61827866832107,Glasses,0.6908059699336,0
2024-01-01 13:00:00,East,89.28511116003267,Mask,0.5644243560001274,1
2024-01-01 14:00:00,West,23.617493608495153,Mask,0.706380564633013,0
2024-01-01 15:00:00,North,22.109357959780162,Mask,0.901177164579632,1
2024-01-01 16:00:00,West,50.117069350243966,Glasses,0.7395350315516755,0
2024-01-01 17:00:00,West,84.84426646254663,Glasses,0.5090000444726075,0
2024-01-01 18:00:00,West,98.98209034519556,Hat,0.7107220207896237,0
2024-01-01 19:00:00,East,32.033351288282255,Hat,0.5135875080454221,1
2024-01-01 20:00:00,South,67.5304572281708,Glasses,0.9831217053533992,0
2024-01-01 21:00:00,North,50.47126853048172,Glasses,0.5637269797114345,0
2024-01-01 22:00:00,South,97.59315182516826,Glasses,0.8538441631653093,0
2024-01-01 23:00:00,West,87.36951385085669,Glasses,0.9863881614460429,0
2024-01-02 00:00:00,West,87.06629637689103,Hat,0.9130195258332859,0
2024-01-02 01:00:00,South,57.49545278359762,Glasses,0.8496576875631019,0
2024-01-02 02:00:00,South,53.185560187013216,Hat,0.9197304547503835,0
2024-01-02 03:00:00,South,41.8725657544565,Glasses,0.9908993466303138,0
2024-01-02 04:00:00,West,24.51003973207417,Glasses,0.8106722486267648,0
2024-01-02 05:00:00,West,89.17779010040425,Glasses,0.7795924034146633,0
2024-01-02 06:00:00,North,85.03208073040621,Hat,0.8141190552316406,0
2024-01-02 07:00:00,North,99.97741386289044,Hat,0.7663379433807775,0
2024-01-02 08:00:00,West,99.73094696591244,Mask,0.8175445529548594,1
2024-01-02 09:00:00,South,64.4345364482102,Glasses,0.7249211039862796,0
2024-01-02 10:00:00,South,81.51899321444084,Mask,0.6092215914416536,0
2024-01-02 11:00:00,North,95.58125839059424,Mask,0.5601236132558378,0
2024-01-02 12:00:00,West,87.97179125419292,Hat,0.5341704677661302,0
2024-01-02 13:00:00,North,39.78784813945581,Hat,0.6316578918766,0
2024-01-02 14:00:00,North,56.04353082480748,Mask,0.5230617821678669,0
2024-01-02 15:00:00,East,30.3327532121196,Glasses,0.7835853899596927,0
2024-01-02 16:00:00,East,96.32408218069779,Hat,0.6419142235117601,1
2024-01-02 17:00:00,East,68.49397075607041,Glasses,0.9122674040435161,0
2024-01-02 18:00:00,South,38.29142444027702,Glasses,0.5371204364941933,0
2024-01-02 19:00:00,West,73.73605475246853,Mask,0.613175747170743,0
2024-01-02 20:00:00,West,69.45025923663167,Mask,0.865123073545073,0
2024-01-02 21:00:00,West,48.65301744262724,Mask,0.7994041481917458,0
2024-01-02 22:00:00,West,29.08460737597032,Mask,0.5322456356245837,0
2024-01-02 23:00:00,East,73.72585564742397,Hat,0.9386197285811002,0
2024-01-03 00:00:00,South,61.62461607230347,Hat,0.9386308814130897,0
2024-01-03 01:00:00,South,81.78547133885115,Mask,0.6652040019378869,0
2024-01-03 02:00:00,East,61.61308008895947,Hat,0.6702029216747823,0
2024-01-03 03:00:00,South,88.1745200254832,Mask,0.9945141791750869,0
2024-01-03 04:00:00,East,64.15254710195885,Glasses,0.8130880857965691,0
2024-01-03 05:00:00,West,64.87503772283091,Glasses,0.7656582602840296,1
2024-01-03 06:00:00,East,90.1322882126676,Glasses,0.9190760917759622,0
2024-01-03 07:00:00,West,52.27862929699177,Mask,0.6426451691786582,0
2024-01-03 08:00:00,West,30.72121827605126,Glasses,0.7145912966981784,1
2024-01-03 09:00:00,North,22.302614105067118,Hat,0.6338883377441671,0
2024-01-03 10:00:00,East,80.41098045388952,Glasses,0.8945804232943657,0
2024-01-03 11:00:00,North,69.62476410827718,Glasses,0.786674672817609,0
2024-01-03 12:00:00,East,76.32638144793788,Glasses,0.8294125350700352,0
2024-01-03 13:00:00,East,37.03713292071286,Hat,0.6261536249197033,0
2024-01-03 14:00:00,North,30.90971804694158,Mask,0.6101126506886576,0
2024-01-03 15:00:00,North,21.163573253430556,Hat,0.7441873144914694,0
2024-01-03 16:00:00,East,48.04700470452776,Mask,0.8687828745464135,0
2024-01-03 17:00:00,South,67.19341494837064,Mask,0.7626198787600801,1
2024-01-03 18:00:00,West,51.379523607978584,Glasses,0.5163228387728342,0
2024-01-03 19:00:00,North,54.99799376189833,Mask,0.9342757531601444,0
2024-01-03 20:00:00,West,92.33269555949987,Hat,0.5323434467575658,1
2024-01-03 21:00:00,South,47.86043736186403,Hat,0.9779122418603761,0
2024-01-03 22:00:00,South,61.119159132784866,Mask,0.5125709791386364,1
2024-01-03 23:00:00,South,82.69224101929144,Glasses,0.8472252280653544,0
2024-01-04 00:00:00,North,51.72342258570161,Glasses,0.5411035318558908,0
2024-01-04 01:00:00,South,69.76693601822987,Hat,0.9553382897175697,0
2024-01-04 02:00:00,North,88.98909669973962,Glasses,0.7322166181127714,0
2024-01-04 03:00:00,South,95.96164989261138,Mask,0.5687618874085076,0
2024-01-04 04:00:00,West,31.765878474323035,Mask,0.6704078498949233,1
2024-01-04 05:00:00,West,94.12701001291956,Hat,0.582412337673381,0
2024-01-04 06:00:00,East,59.369303446363055,Mask,0.5852909557785451,0
2024-01-04 07:00:00,West,40.659551063916666,Hat,0.9740541600857211,1
2024-01-04 08:00:00,East,56.7308604990609,Mask,0.7226230561423941,0
2024-01-04 09:00:00,West,98.40260602283817,Hat,0.8944011319526798,0
2024-01-04 10:00:00,North,59.40944751942957,Glasses,0.8198027805888409,1
2024-01-04 11:00:00,West,46.300128823000655,Mask,0.8382131811691962,0
2024-01-04 12:00:00,East,70.67206834533806,Mask,0.5658467192360193,0
2024-01-04 13:00:00,East,39.21164950225545,Hat,0.6170922234077428,1
2024-01-04 14:00:00,South,26.06906624869311,Hat,0.8933751675772185,0
2024-01-04 15:00:00,North,30.310377752851938,Mask,0.9853831032373914,0
2024-01-04 16:00:00,West,30.243667116621793,Hat,0.6313378212993259,0
2024-01-04 17:00:00,South,32.15221548098355,Mask,0.6357843823755199,0
2024-01-04 18:00:00,West,31.10617381195281,Glasses,0.7364485664054524,1
2024-01-04 19:00:00,West,71.26997958425717,Hat,0.9919201564277189,0
2024-01-04 20:00:00,South,34.55040675193159,Mask,0.6344794729132355,0
2024-01-04 21:00:00,South,47.65338266590906,Glasses,0.7034859548171319,0
2024-01-04 22:00:00,South,91.74307279248094,Glasses,0.9457400078117534,0
2024-01-04 23:00:00,South,57.916931221029785,Mask,0.501460516310681,0
2024-01-05 00:00:00,South,73.40461908168217,Hat,0.5198829824942848,1
2024-01-05 01:00:00,West,33.78558969613039,Mask,0.8020358385356097,0
2024-01-05 02:00:00,South,35.38312150469366,Glasses,0.9536900823564235,0
2024-01-05 03:00:00,North,23.26948930131831,Mask,0.6194283302009638,0
2024-01-05 04:00:00,East,33.514805045773166,Hat,0.7348208873403546,0
2024-01-05 05:00:00,South,42.287227122556686,Glasses,0.7252326508289091,0
2024-01-05 06:00:00,South,34.160838742139745,Mask,0.7364856730477551,0
2024-01-05 07:00:00,West,27.096202700564447,Hat,0.8112598478648726,0
2024-01-05 08:00:00,South,29.650869688048065,Glasses,0.7348718814953419,0
2024-01-05 09:00:00,South,56.86230144261806,Hat,0.723734070661229,0
2024-01-05 10:00:00,South,36.5066974724634,Glasses,0.7371442102156303,0
2024-01-05 11:00:00,West,49.14158888384604,Mask,0.7954337206355208,0
2024-01-05 12:00:00,South,60.27338166838855,Hat,0.7685037441756792,0
2024-01-05 13:00:00,East,75.23158629034923,Glasses,0.9270679988252521,1
2024-01-05 14:00:00,West,23.144971187287915,Hat,0.5247484267468333,0
2024-01-05 15:00:00,East,83.95283191272341,Hat,0.9166585357365062,1
2024-01-05 16:00:00,West,70.23203115927262,Mask,0.921962306305862,0
2024-01-05 17:00:00,South,26.540722555909753,Hat,0.6424540107654804,0
2024-01-05 18:00:00,East,89.88628992854218,Glasses,0.7314259775079253,1
2024-01-05 19:00:00,West,93.66979204254505,Glasses,0.7192692442687177,0
2024-01-05 20:00:00,North,24.8862367883891,Glasses,0.6092549171770651,1
2024-01-05 21:00:00,South,42.1502118517763,Glasses,0.6983984235431582,0
2024-01-05 22:00:00,West,84.4961023834449,Mask,0.5221938860854272,0
2024-01-05 23:00:00,North,79.86077523069267,Hat,0.6389110363908672,0
2024-01-06 00:00:00,West,34.76168154851018,Mask,0.908341087725359,0
2024-01-06 01:00:00,North,36.747945866936824,Hat,0.6422811508814488,0
2024-01-06 02:00:00,South,49.63776822331056,Hat,0.9091033343741237,0
2024-01-06 03:00:00,East,58.761838815281706,Hat,0.7657997323022154,0
2024-01-06 04:00:00,North,69.46038172242368,Mask,0.93993133868058,0
2024-01-06 05:00:00,West,49.51309116558179,Hat,0.7873897771322076,0
2024-01-06 06:00:00,South,57.002777290651835,Mask,0.5148341115323699,0
2024-01-06 07:00:00,North,79.79767505070052,Glasses,0.8377101037735446,1
2024-01-06 08:00:00,West,22.934656231247832,Glasses,0.5224267840117843,0
2024-01-06 09:00:00,West,40.19495554752166,Hat,0.7252985094915669,1
2024-01-06 10:00:00,West,77.0679668707642,Mask,0.964713347236557,1
2024-01-06 11:00:00,North,91.61654701497595,Glasses,0.5826019696689251,0
2024-01-06 12:00:00,North,60.93419536925329,Mask,0.694936176470772,0
2024-01-06 13:00:00,North,62.569078821225254,Mask,0.8649301544242392,0
2024-01-06 14:00:00,East,28.573760907182084,Hat,0.9411292780474239,0
2024-01-06 15:00:00,North,55.79298934587637,Glasses,0.835471502371254,0
2024-01-06 16:00:00,North,62.60938131640185,Hat,0.6290866270955846,0
2024-01-06 17:00:00,North,39.39764029077837,Hat,0.8373039264581081,0
2024-01-06 18:00:00,East,41.539458475950475,Glasses,0.648363820552045,0
2024-01-06 19:00:00,North,50.18273304836981,Glasses,0.8592146149093676,0
2024-01-06 20:00:00,West,21.60569582221811,Mask,0.9770165637925203,0
2024-01-06 21:00:00,North,45.76633324665426,Glasses,0.8606967255531441,0
2024-01-06 22:00:00,West,36.91584055972357,Mask,0.9314402514562061,0
2024-01-06 23:00:00,West,46.19978817423317,Mask,0.5010519215879417,0
2024-01-07 00:00:00,West,29.580970545540097,Mask,0.8587860623657972,0
2024-01-07 01:00:00,East,91.2421824591916,Glasses,0.9147937784326252,0
2024-01-07 02:00:00,East,67.48739628432389,Hat,0.5202793687723407,0
2024-01-07 03:00:00,East,74.32818553155917,Mask,0.9357988636441152,0
2024-01-07 04:00:00,North,83.13369908858706,Hat,0.628347114155023,0
2024-01-07 05:00:00,West,59.87537591432458,Hat,0.8326460509890277,0
2024-01-07 06:00:00,East,26.953623046993897,Glasses,0.9001774395117033,0
2024-01-07 07:00:00,East,62.968523345483824,Hat,0.8313322565296777,0
2024-01-07 08:00:00,North,66.94728944167034,Hat,0.5461423960366286,0
2024-01-07 09:00:00,East,79.6351579347464,Glasses,0.7981607594301842,0
2024-01-07 10:00:00,North,54.53276369837435,Mask,0.7747918283610717,0
2024-01-07 11:00:00,South,30.2064242236451,Hat,0.9501606340371358,1
2024-01-07 12:00:00,East,42.702072463897956,Glasses,0.7021198648221045,0
2024-01-07 13:00:00,South,49.046583711890804,Hat,0.6605405485435251,0
2024-01-07 14:00:00,North,71.67337930652809,Hat,0.8749253822182331,0
2024-01-07 15:00:00,West,65.66226437351295,Mask,0.7063376630416983,0
2024-01-07 16:00:00,East,48.4877380718277,Hat,0.8230480875025314,0
2024-01-07 17:00:00,North,98.92121990343837,Glasses,0.8232250450623035,0
2024-01-07 18:00:00,West,68.46198554855097,Hat,0.9440195321800589,0
2024-01-07 19:00:00,West,38.97814333887956,Mask,0.7993462011595487,0
2024-01-07 20:00:00,South,28.1425978096323,Mask,0.7510768049809935,0
2024-01-07 21:00:00,North,32.22873113474656,Glasses,0.5694356631982584,1
2024-01-07 22:00:00,West,39.67661827076065,Mask,0.5578688033393526,1
2024-01-07 23:00:00,East,32.85450986076445,Hat,0.5771607826415397,0
2024-01-08 00:00:00,East,34.925361924104465,Mask,0.5859242406635472,0
2024-01-08 01:00:00,South,42.807613495507766,Glasses,0.818938546331817,0
2024-01-08 02:00:00,West,33.86988762358038,Mask,0.8704906251372893,0
2024-01-08 03:00:00,North,91.74123397011401,Mask,0.7649957614632094,0
2024-01-08 04:00:00,East,26.418699652931377,Mask,0.9145088662727455,0
2024-01-08 05:00:00,West,61.960911165620374,Glasses,0.9956316133668166,0
2024-01-08 06:00:00,West,52.83174615917292,Mask,0.910006314559678,1
2024-01-08 07:00:00,South,98.59028935268852,Mask,0.8474411868379796,0
2024-01-08 08:00:00,East,28.963112173444188,Hat,0.7662463497185733,0
2024-01-08 09:00:00,East,51.82844792365933,Glasses,0.7244265358373541,0
2024-01-08 10:00:00,North,97.55763466202951,Mask,0.5421961902722712,0
2024-01-08 11:00:00,East,89.24057007151842,Glasses,0.6996843741973455,0
2024-01-08 12:00:00,North,85.3657656759424,Mask,0.9550673183910672,0
2024-01-08 13:00:00,East,40.632226163595185,Mask,0.9040113149532765,0
2024-01-08 14:00:00,South,33.67100699120527,Mask,0.6080256825058437,1
2024-01-08 15:00:00,East,73.49145759395448,Hat,0.7333038923486079,0
2024-01-08 16:00:00,North,94.35007913020686,Hat,0.9083616012792723,0
2024-01-08 17:00:00,North,64.54103144111438,Hat,0.5336922773927613,0
2024-01-08 18:00:00,South,65.72901515759199,Glasses,0.6936962928343297,1
2024-01-08 19:00:00,East,42.39832749282273,Glasses,0.9259206184369738,0
2024-01-08 20:00:00,East,81.55943465535495,Hat,0.7019489320850618,0
2024-01-08 21:00:00,South,34.96349988460187,Glasses,0.5388073223657204,1
2024-01-08 22:00:00,East,45.89433891233949,Mask,0.7712671842661257,0
2024-01-08 23:00:00,East,54.034915089313344,Mask,0.9308712474591476,1
2024-01-09 00:00:00,North,60.6088302947564,Mask,0.7951427714765799,0
2024-01-09 01:00:00,East,39.392778593206415,Hat,0.6131395541071158,0
2024-01-09 02:00:00,East,29.186945979136283,Glasses,0.6921198100686907,0
2024-01-09 03:00:00,South,68.8496033953306,Hat,0.7250616805909661,0
2024-01-09 04:00:00,South,43.09044425922046,Glasses,0.7896331769102634,0
2024-01-09 05:00:00,West,66.49905771380898,Mask,0.8796755128763065,0
2024-01-09 06:00:00,North,32.34901722193619,Hat,0.5494368088203176,0
2024-01-09 07:00:00,East,58.4912081483854,Glasses,0.9448260165087832,0
2024-01-09 08:00:00,East,62.60715460412687,Glasses,0.5061548515080379,1
2024-01-09 09:00:00,West,24.145882945794153,Mask,0.6850261673371276,1
2024-01-09 10:00:00,East,46.92834225551365,Hat,0.5137101549863288,0
2024-01-09 11:00:00,North,30.75317415511794,Hat,0.6964871126726456,1
2024-01-09 12:00:00,West,25.06999763782142,Hat,0.7629062994366619,0
2024-01-09 13:00:00,North,99.19681859119562,Mask,0.7558406932907559,0
2024-01-09 14:00:00,West,45.788307597977834,Hat,0.5828141735141327,0
2024-01-09 15:00:00,West,84.7899556683708,Mask,0.8228702550478062,0
2024-01-09 16:00:00,South,40.37125238110111,Mask,0.5223892252523341,0
2024-01-09 17:00:00,North,74.52021777791434,Mask,0.8809534100662078,0
2024-01-09 18:00:00,East,80.81822879117493,Glasses,0.9733222169967731,0
2024-01-09 19:00:00,East,67.65109924862755,Hat,0.669884413575559,0
2024-01-09 20:00:00,North,57.72609508401267,Hat,0.758619690857166,0
2024-01-09 21:00:00,East,52.947273131781486,Mask,0.6894551390294072,1
2024-01-09 22:00:00,East,47.90946132343962,Mask,0.50335519515203,0
2024-01-09 23:00:00,North,94.36233153982607,Hat,0.692937251447558,1
2024-01-10 00:00:00,West,86.44955262301833,Mask,0.8958601296306732,1
2024-01-10 01:00:00,North,97.20215285332101,Hat,0.7979944210917409,1
2024-01-10 02:00:00,West,29.943777878843576,Glasses,0.5506299573075795,1
2024-01-10 03:00:00,East,78.46939801629154,Mask,0.9235697448468925,1
2024-01-10 04:00:00,East,95.06723654568303,Hat,0.7655426724426214,0
2024-01-10 05:00:00,East,34.498645293252814,Mask,0.920861680872338,0
2024-01-10 06:00:00,South,25.3197013893422,Hat,0.7901107593925147,0
2024-01-10 07:00:00,West,79.28965194320472,Hat,0.7798442224189699,0
2024-01-10 08:00:00,South,65.95784905439295,Mask,0.5526295925985062,0
2024-01-10 09:00:00,South,87.34630214066176,Glasses,0.5836798665693139,0
2024-01-10 10:00:00,North,31.18179013010316,Hat,0.9860126282482955,1
2024-01-10 11:00:00,South,83.62138494879122,Hat,0.6142433733773853,1
2024-01-10 12:00:00,North,36.13018560381956,Hat,0.988726058995184,1
2024-01-10 13:00:00,North,33.09247542925636,Glasses,0.7659563532621316,0
2024-01-10 14:00:00,South,33.14126383447943,Glasses,0.5678945235319686,0
2024-01-10 15:00:00,West,85.16597761851057,Mask,0.5496511013768465,0
2024-01-10 16:00:00,West,73.215777655696,Glasses,0.60443203535287,0
2024-01-10 17:00:00,West,61.845233981529546,Mask,0.9628186650126679,0
2024-01-10 18:00:00,West,48.7064387298802,Mask,0.7070751121641135,0
2024-01-10 19:00:00,West,90.17604326504866,Glasses,0.6977171339964572,1
2024-01-10 20:00:00,South,51.395608593810834,Mask,0.656603130535087,0
2024-01-10 21:00:00,South,85.32795515772617,Glasses,0.5735309252832942,0
2024-01-10 22:00:00,East,55.13079268561747,Mask,0.7439255985962032,0
2024-01-10 23:00:00,West,50.155554353992606,Glasses,0.5650238912555694,0
2024-01-11 00:00:00,South,57.01438285356851,Glasses,0.9177401181911637,0
2024-01-11 01:00:00,East,44.110229933131365,Mask,0.6851984931376532,1
2024-01-11 02:00:00,West,79.80875041410009,Hat,0.6874017838908981,0
2024-01-11 03:00:00,North,60.217631207398334,Mask,0.7370032142415779,0
2024-01-11 04:00:00,East,38.57701561174538,Glasses,0.7220638565828759,0
2024-01-11 05:00:00,South,91.96596586196547,Hat,0.9974289865296608,0
2024-01-11 06:00:00,North,50.711297709856915,Mask,0.7726905606091512,0
2024-01-11 07:00:00,North,63.48422888911909,Mask,0.5441008518949353,0
2024-01-11 08:00:00,North,92.51776887716376,Mask,0.803438670788465,0
2024-01-11 09:00:00,East,69.93903967311937,Hat,0.57579214643494,0
2024-01-11 10:00:00,South,29.351843256669127,Glasses,0.5154688223656709,0
2024-01-11 11:00:00,North,95.18656988907802,Mask,0.9853710768386241,0
2024-01-11 12:00:00,West,70.21664424571343,Mask,0.8867694457672819,1
2024-01-11 13:00:00,North,46.79244917256689,Mask,0.9900544962068835,0
2024-01-11 14:00:00,North,31.141765813070982,Mask,0.7389392240111212,0
2024-01-11 15:00:00,East,83.52201514162368,Mask,0.7661287655744881,0
2024-01-11 16:00:00,East,69.60582047428107,Glasses,0.5841684779595651,0
2024-01-11 17:00:00,South,62.67688735810572,Glasses,0.6234537133337927,0
2024-01-11 18:00:00,West,91.51140664407662,Mask,0.9192746074514141,0
2024-01-11 19:00:00,East,83.08777689796246,Hat,0.6780928235587971,0
2024-01-11 20:00:00,North,32.1339903786201,Glasses,0.9134074868982095,1
2024-01-11 21:00:00,South,44.93776542364386,Hat,0.8545068621435159,0
2024-01-11 22:00:00,North,39.87913118515726,Glasses,0.5885854626359328,1
2024-01-11 23:00:00,North,79.51570340581415,Mask,0.7537231830598711,0
2024-01-12 00:00:00,East,22.682594778862352,Glasses,0.8386936607593585,1
2024-01-12 01:00:00,South,65.59117478970532,Mask,0.6175186074019126,1
2024-01-12 02:00:00,West,80.99669485925524,Glasses,0.9153442552600384,0
2024-01-12 03:00:00,West,90.14125094093995,Mask,0.7724138287725935,1
2024-01-12 04:00:00,East,47.366539897272595,Mask,0.5826210252213015,0
2024-01-12 05:00:00,East,85.70058437376103,Mask,0.7914922130823012,1
2024-01-12 06:00:00,South,28.850538956416578,Mask,0.9998569020779571,0
2024-01-12 07:00:00,West,87.71618333876145,Hat,0.5752607458317067,0
2024-01-12 08:00:00,West,30.199092986558593,Mask,0.908378465059764,0
2024-01-12 09:00:00,West,51.78298324482938,Hat,0.603654501593779,1
2024-01-12 10:00:00,North,83.78362926236429,Hat,0.8911941647300436,0
2024-01-12 11:00:00,West,31.993394187901902,Mask,0.8672889615607067,0
2024-01-12 12:00:00,North,38.34011161861132,Hat,0.6502446928002161,0
2024-01-12 13:00:00,South,77.7802054714453,Glasses,0.662911558782225,1
2024-01-12 14:00:00,North,77.60292292368595,Mask,0.8962606959814596,0
2024-01-12 15:00:00,South,71.29181063082379,Hat,0.7307227559436563,0
2024-01-12 16:00:00,West,75.515875557368,Mask,0.8654090143559043,0
2024-01-12 17:00:00,West,63.417955467807694,Mask,0.5739920736829174,0
2024-01-12 18:00:00,South,40.14392471255622,Mask,0.9262788909507768,0
2024-01-12 19:00:00,East,47.65567948031355,Hat,0.8554423583411596,1
2024-01-12 20:00:00,South,34.527817344114055,Glasses,0.953471404417417,0
2024-01-12 21:00:00,East,92.67604490669027,Glasses,0.5661861895174862,0
2024-01-12 22:00:00,North,66.67134358128963,Hat,0.7965072501802988,0
2024-01-12 23:00:00,North,52.06811334109119,Mask,0.7995602925201626,0
2024-01-13 00:00:00,North,56.96046429153061,Hat,0.6767303702733912,0
2024-01-13 01:00:00,West,95.78266716894522,Hat,0.7292332122846289,0
2024-01-13 02:00:00,North,32.26811224928642,Hat,0.5189907816449267,0
2024-01-13 03:00:00,East,66.89838656134378,Mask,0.872930019313506,1
2024-01-13 04:00:00,North,60.47109431075728,Hat,0.7746612397015871,0
2024-01-13 05:00:00,South,68.91633883477184,Mask,0.5288705259345869,1
2024-01-13 06:00:00,South,21.44881470566724,Hat,0.8403779464802428,1
2024-01-13 07:00:00,West,89.76991271553212,Glasses,0.733391038615594,0
2024-01-13 08:00:00,South,94.56946259868899,Hat,0.5172306297125,1
2024-01-13 09:00:00,East,65.21065468713672,Hat,0.9848038634240477,0
2024-01-13 10:00:00,North,75.73206591015138,Glasses,0.9745560715447202,0
2024-01-13 11:00:00,West,93.79995049418366,Mask,0.7564512080735988,0
2024-01-13 12:00:00,North,76.57909074507188,Mask,0.5468362103529552,0
2024-01-13 13:00:00,North,32.20312343314091,Hat,0.8773106107992958,0
2024-01-13 14:00:00,East,66.10306881334506,Glasses,0.7459655500528646,0
2024-01-13 15:00:00,South,68.53720371062848,Mask,0.65122373914469,0
2024-01-13 16:00:00,South,53.93045370419088,Hat,0.7457090887642783,0
2024-01-13 17:00:00,North,78.91553884997782,Glasses,0.7612220727027322,1
2024-01-13 18:00:00,West,94.74936118152118,Mask,0.7813558495111697,0
2024-01-13 19:00:00,South,94.04548103254211,Mask,0.7206118568276633,0
2024-01-13 20:00:00,West,56.06714971233057,Glasses,0.8028776515695284,0
2024-01-13 21:00:00,South,29.05904366726042,Glasses,0.9593673553031887,0
2024-01-13 22:00:00,West,98.78729591698676,Glasses,0.6811340435492956,0
2024-01-13 23:00:00,East,87.11184691567473,Glasses,0.8628582316099745,1
2024-01-14 00:00:00,West,29.97301449626135,Hat,0.9472262784121162,0
2024-01-14 01:00:00,East,93.66735060938979,Glasses,0.7279896378799684,0
2024-01-14 02:00:00,East,89.59170896497027,Mask,0.7217279181909521,1
2024-01-14 03:00:00,West,61.50704457008577,Mask,0.8010584926773898,1
2024-01-14 04:00:00,East,67.30203485959434,Hat,0.795703379711244,0
2024-01-14 05:00:00,North,51.920216309610424,Mask,0.9032946711631384,0
2024-01-14 06:00:00,East,24.380931105762507,Mask,0.7382416918891463,0
2024-01-14 07:00:00,South,46.815779331672076,Glasses,0.9980614748197205,0
2024-01-14 08:00:00,West,84.22827588784091,Mask,0.5297357844336403,0
2024-01-14 09:00:00,North,20.37056184036823,Hat,0.5015839242903508,0
2024-01-14 10:00:00,West,46.679933735291534,Glasses,0.8200991557798119,1
2024-01-14 11:00:00,South,51.85349548727547,Glasses,0.6492174561809383,0
2024-01-14 12:00:00,South,62.99164823503383,Hat,0.6201911943497419,0
2024-01-14 13:00:00,South,93.58844931302085,Glasses,0.6559495400021402,0
2024-01-14 14:00:00,East,47.707679549276904,Glasses,0.6280237825524771,0
2024-01-14 15:00:00,East,47.75625615169822,Hat,0.5153950248302239,0
2024-01-14 16:00:00,West,79.00009984877987,Glasses,0.9857665211952944,0
2024-01-14 17:00:00,West,56.17743527118457,Hat,0.6103727442263909,1
2024-01-14 18:00:00,North,37.96838583519856,Hat,0.8670148812946532,0
2024-01-14 19:00:00,North,56.195161290615474,Mask,0.8812981973470877,0
2024-01-14 20:00:00,West,31.26856163038399,Mask,0.9646286990036146,0
2024-01-14 21:00:00,East,34.110958920497865,Glasses,0.51527472854669,0
2024-01-14 22:00:00,South,59.869421819158376,Glasses,0.9360241692235038,0
2024-01-14 23:00:00,West,53.514035960363834,Hat,0.7636130904199001,0
2024-01-15 00:00:00,North,93.187672085448,Glasses,0.8162720549829139,0
2024-01-15 01:00:00,East,48.99151192933065,Hat,0.8222351385605169,1
2024-01-15 02:00:00,West,66.44706802224349,Hat,0.9098989024923638,0
2024-01-15 03:00:00,West,70.58114303356243,Glasses,0.6667036610795553,0
2024-01-15 04:00:00,East,21.04755652706669,Hat,0.8665255949299967,0
2024-01-15 05:00:00,West,73.08298976133685,Mask,0.7642890548610985,1
2024-01-15 06:00:00,East,34.24287734958011,Glasses,0.8966970071526739,0
2024-01-15 07:00:00,South,96.88562539755641,Mask,0.9952730163850667,0
2024-01-15 08:00:00,East,31.893018220249036,Glasses,0.6003255087018806,0
2024-01-15 09:00:00,East,53.1699298981619,Hat,0.9973243207799989,0
2024-01-15 10:00:00,East,26.82797344629151,Glasses,0.544906077141387,0
2024-01-15 11:00:00,West,99.74994014767579,Mask,0.5011587739524069,0
2024-01-15 12:00:00,West,60.175600826499405,Hat,0.5220809680889156,0
2024-01-15 13:00:00,East,67.6308013856035,Glasses,0.6708912023683808,0
2024-01-15 14:00:00,West,25.3661181910742,Glasses,0.8164531653392171,1
2024-01-15 15:00:00,North,79.99683763193423,Glasses,0.5345147704439248,0
2024-01-15 16:00:00,North,36.792447447646865,Mask,0.5028329072647837,0
2024-01-15 17:00:00,West,91.84434315525709,Mask,0.9685455142293974,0
2024-01-15 18:00:00,West,36.41117123856057,Glasses,0.9109633179699648,1
2024-01-15 19:00:00,East,35.255017653093326,Hat,0.9045915855695155,0
2024-01-15 20:00:00,South,22.923973427847592,Hat,0.9422121377509886,1
2024-01-15 21:00:00,West,57.765355608799936,Mask,0.8500171363860523,0
2024-01-15 22:00:00,North,65.18729066100931,Hat,0.5522020648740407,0
2024-01-15 23:00:00,East,25.25669115426819,Mask,0.6995500940368615,1
2024-01-16 00:00:00,West,82.04220933560084,Glasses,0.8615747432323148,0
2024-01-16 01:00:00,North,56.26310677984221,Mask,0.6401672303957604,0
2024-01-16 02:00:00,North,61.951221546206405,Mask,0.8437031820681188,1
2024-01-16 03:00:00,South,55.26101975505825,Glasses,0.5122492241338261,0
2024-01-16 04:00:00,East,52.06104487002608,Hat,0.6530686704397966,0
2024-01-16 05:00:00,East,64.77122650465743,Mask,0.7745651681385863,0
2024-01-16 06:00:00,South,32.419219674457,Mask,0.8160449147531211,0
2024-01-16 07:00:00,South,34.55425043962169,Glasses,0.7885203322309554,0
2024-01-16 08:00:00,East,88.94284968108138,Hat,0.8488781380367147,0
2024-01-16 09:00:00,East,95.68923697069062,Mask,0.5030443741199195,0
2024-01-16 10:00:00,West,49.864745302380236,Glasses,0.5504705999887607,0
2024-01-16 11:00:00,West,41.6595738514843,Mask,0.9344721261395725,0
2024-01-16 12:00:00,South,71.51996345912126,Glasses,0.8408743220450806,1
2024-01-16 13:00:00,West,52.698733687847714,Hat,0.5564658213430056,0
2024-01-16 14:00:00,North,22.03090845282759,Hat,0.9210372186992897,1
2024-01-16 15:00:00,West,32.49220778929523,Hat,0.6211156089122835,0
2024-01-16 16:00:00,West,77.2777783077918,Hat,0.7391299420976117,0
2024-01-16 17:00:00,North,72.71391535281211,Mask,0.5725982564423302,0
2024-01-16 18:00:00,South,22.16767940027868,Mask,0.8550550282108533,0
2024-01-16 19:00:00,North,37.75777295463595,Hat,0.8334272105071339,0
2024-01-16 20:00:00,West,38.48598372704571,Hat,0.6055562355830681,0
2024-01-16 21:00:00,South,73.75141948789827,Hat,0.9317003834285009,0
2024-01-16 22:00:00,West,21.57684302034913,Mask,0.7006530121098561,1
2024-01-16 23:00:00,North,28.32868655876591,Hat,0.646257545535371,0
2024-01-17 00:00:00,North,83.99328682985515,Hat,0.5761647947322677,0
2024-01-17 01:00:00,West,34.28357296434669,Hat,0.6330840062577687,0
2024-01-17 02:00:00,East,72.21968862814998,Glasses,0.5110134606119086,0
2024-01-17 03:00:00,East,39.05462248373812,Hat,0.7916287462280578,0
2024-01-17 04:00:00,North,27.955311420747613,Glasses,0.9211153731719739,0
2024-01-17 05:00:00,North,39.453775279956325,Glasses,0.774490224720821,1
2024-01-17 06:00:00,East,77.78135454845273,Hat,0.6096369809619379,0
2024-01-17 07:00:00,East,88.45571744850287,Glasses,0.5168345891069364,0
2024-01-17 08:00:00,West,86.41758916535933,Hat,0.6073140366294014,0
2024-01-17 09:00:00,West,51.77468236947639,Mask,0.7080607140355462,0
2024-01-17 10:00:00,East,73.44681092565169,Mask,0.8798057143498983,0
2024-01-17 11:00:00,West,36.39874363326568,Mask,0.593921426268887,0
2024-01-17 12:00:00,West,43.45181842088106,Mask,0.859895726677343,0
2024-01-17 13:00:00,South,91.70686548168958,Glasses,0.9334667341759418,0
2024-01-17 14:00:00,West,21.04015388085888,Hat,0.7269734240541785,0
2024-01-17 15:00:00,North,26.840682468357446,Hat,0.9107159958212967,0
2024-01-17 16:00:00,West,36.630900411682184,Hat,0.7773286740175478,0
2024-01-17 17:00:00,West,22.122576309905575,Mask,0.8185454185404525,0
2024-01-17 18:00:00,East,34.51483480718379,Mask,0.7631392301691013,0
2024-01-17 19:00:00,North,66.64332487757537,Hat,0.7315863583756709,1
2024-01-17 20:00:00,West,53.713964047399834,Mask,0.6173267208879247,1
2024-01-17 21:00:00,West,91.41373688615799,Hat,0.651597029730523,1
2024-01-17 22:00:00,South,85.39548493907527,Hat,0.6449850594718045,0
2024-01-17 23:00:00,West,47.34538813583008,Hat,0.7816444654769074,0
2024-01-18 00:00:00,West,40.7538746745034,Hat,0.559976846511945,0
2024-01-18 01:00:00,South,50.375392653381354,Hat,0.9583958453511676,1
2024-01-18 02:00:00,East,67.22359540118461,Hat,0.8603275726415567,0
2024-01-18 03:00:00,West,41.4450912658301,Hat,0.7007228154565968,1
2024-01-18 04:00:00,South,69.93191262793073,Mask,0.579312072263189,1
2024-01-18 05:00:00,North,52.752932175299236,Hat,0.9409960848608179,0
2024-01-18 06:00:00,East,64.16377446815842,Hat,0.9118890450505825,0
2024-01-18 07:00:00,North,54.890122330825335,Mask,0.8608607763585896,0
2024-01-18 08:00:00,North,43.55726076335341,Mask,0.6357735237056212,1
2024-01-18 09:00:00,South,95.87626455697253,Mask,0.7012233187168344,0
2024-01-18 10:00:00,West,81.08846353278086,Hat,0.5513741262262117,1
2024-01-18 11:00:00,South,31.209054061316202,Glasses,0.5945197623637659,0
2024-01-18 12:00:00,South,89.47743807183302,Glasses,0.8915083186583664,0
2024-01-18 13:00:00,South,58.99449585996109,Mask,0.8575193594253419,1
2024-01-18 14:00:00,South,91.56417815152732,Glasses,0.7967428814879673,0
2024-01-18 15:00:00,East,83.98842047578522,Mask,0.9478633629630864,0
2024-01-18 16:00:00,West,54.017080357538674,Hat,0.7916332589065227,0
2024-01-18 17:00:00,North,21.797544665609394,Glasses,0.7334839999818054,0
2024-01-18 18:00:00,North,41.494188750795686,Hat,0.6701853731528813,0
2024-01-18 19:00:00,West,63.330737172869355,Glasses,0.9702242528680862,0
2024-01-18 20:00:00,North,70.67825758609177,Hat,0.5413577307621767,1
2024-01-18 21:00:00,West,40.631014834656185,Glasses,0.9654436860304042,1
2024-01-18 22:00:00,North,31.14848592582593,Hat,0.9133573299655091,0
2024-01-18 23:00:00,South,86.79441894394392,Hat,0.5649649622678506,0
2024-01-19 00:00:00,North,98.75217445628417,Glasses,0.7824921788376268,0
2024-01-19 01:00:00,West,62.055214584214866,Hat,0.9332739908745434,0
2024-01-19 02:00:00,West,33.73434286786428,Hat,0.7859045818035768,1
2024-01-19 03:00:00,West,41.784586121549516,Hat,0.9535999107803111,0
2024-01-19 04:00:00,West,21.471254123797337,Glasses,0.9714919084080212,0
2024-01-19 05:00:00,West,93.14390452483993,Glasses,0.7111922610921529,0
2024-01-19 06:00:00,East,29.42008663121129,Hat,0.6886568307031617,0
2024-01-19 07:00:00,East,66.12131804114028,Hat,0.9681605769845785,0
2024-01-19 08:00:00,North,41.92441765497648,Glasses,0.837570030574834,0
2024-01-19 09:00:00,West,64.33424020126347,Glasses,0.5580113406740846,0
2024-01-19 10:00:00,North,72.11363106814915,Hat,0.5211458746113407,0
2024-01-19 11:00:00,West,86.37934429657614,Hat,0.7823145254986316,0
2024-01-19 12:00:00,West,36.513701740848255,Hat,0.9650854827192124,0
2024-01-19 13:00:00,East,20.879666292678436,Mask,0.9221243512029091,0
2024-01-19 14:00:00,East,30.950850405504582,Glasses,0.8379238732321682,0
2024-01-19 15:00:00,South,92.0014913478484,Mask,0.5695579244455438,0
2024-01-19 16:00:00,East,89.91120620500122,Glasses,0.6271156918743478,0
2024-01-19 17:00:00,South,67.79304817362467,Glasses,0.9377556132763081,0
2024-01-19 18:00:00,South,68.04134883469227,Glasses,0.5914036183284502,0
2024-01-19 19:00:00,South,73.20293396370045,Glasses,0.6392197041252172,1
2024-01-19 20:00:00,South,34.02970228987597,Glasses,0.564800325597721,1
2024-01-19 21:00:00,South,93.15295567399679,Glasses,0.8380541157072056,0
2024-01-19 22:00:00,North,53.50164199136585,Glasses,0.9719911526816047,1
2024-01-19 23:00:00,East,50.65108225995979,Mask,0.634484015797693,0
2024-01-20 00:00:00,South,61.513416422627,Hat,0.7377033039250369,0
2024-01-20 01:00:00,West,23.757277342004404,Hat,0.8171698698556021,0
2024-01-20 02:00:00,East,33.30266950048635,Mask,0.9997331241078153,0
2024-01-20 03:00:00,East,79.04268931410964,Mask,0.552404032498786,0
2024-01-20 04:00:00,South,26.623893434010117,Mask,0.7492853997528546,0
2024-01-20 05:00:00,North,68.25216875731105,Mask,0.69256005995125,0
2024-01-20 06:00:00,South,39.627928774505676,Glasses,0.9329100826111776,0
2024-01-20 07:00:00,North,51.143649123358124,Hat,0.737983865505828,0
2024-01-20 08:00:00,West,43.09549894165599,Glasses,0.555488762292574,1
2024-01-20 09:00:00,East,48.45381731719593,Hat,0.8172120726432919,0
2024-01-20 10:00:00,West,77.52367241473964,Hat,0.88539030913194,0
2024-01-20 11:00:00,North,43.769737249854,Mask,0.5014406258328072,0
2024-01-20 12:00:00,North,65.31237122375177,Glasses,0.9294783427103148,0
2024-01-20 13:00:00,West,58.08403217592797,Mask,0.5930115000028329,0
2024-01-20 14:00:00,North,73.09369322901185,Glasses,0.7760346823266889,0
2024-01-20 15:00:00,West,94.94637914598064,Hat,0.7078987503437251,0
2024-01-20 16:00:00,East,78.60576777682002,Mask,0.8598269083052652,0
2024-01-20 17:00:00,West,37.19523028726054,Mask,0.6855808073928709,0
2024-01-20 18:00:00,East,22.494650804902776,Hat,0.9348815883408554,0
2024-01-20 19:00:00,West,40.98112354398601,Hat,0.8652481804793951,0
2024-01-20 20:00:00,North,67.60623445602039,Hat,0.8238565855314608,0
2024-01-20 21:00:00,West,24.114065078740026,Mask,0.8981202977814271,0
2024-01-20 22:00:00,North,59.70929977609891,Glasses,0.8770115174641911,0
2024-01-20 23:00:00,West,67.74742791335115,Mask,0.5179693374607767,1
2024-01-21 00:00:00,West,46.73951126535687,Glasses,0.6973671769224141,1
2024-01-21 01:00:00,South,81.67297629966575,Mask,0.9654036486582449,1
2024-01-21 02:00:00,North,28.527860250701742,Mask,0.5628621344961131,0
2024-01-21 03:00:00,South,26.0110225388647,Hat,0.8685482752160256,0
2024-01-21 04:00:00,North,78.25510049628826,Glasses,0.9872959056676649,0
2024-01-21 05:00:00,South,59.63930529649588,Mask,0.5260993145224858,0
2024-01-21 06:00:00,East,75.07219171421889,Mask,0.8410969403133053,0
2024-01-21 07:00:00,West,54.7861870882997,Hat,0.7340770706505152,0
2024-01-21 08:00:00,North,39.712162659128545,Hat,0.789587627687361,1
2024-01-21 09:00:00,North,85.52818541393597,Glasses,0.5426706682421625,0
2024-01-21 10:00:00,West,83.95327031751833,Mask,0.5215034759334698,1
2024-01-21 11:00:00,North,75.57571766835414,Glasses,0.8334333302754608,0
2024-01-21 12:00:00,North,41.771610978397014,Mask,0.9116547149103589,0
2024-01-21 13:00:00,South,67.21845334952697,Glasses,0.8910076674664836,0
2024-01-21 14:00:00,North,48.87791175520214,Hat,0.7719028639331187,0
2024-01-21 15:00:00,East,27.326565866130732,Mask,0.5499334105680891,0
2024-01-21 16:00:00,East,93.38508603697943,Glasses,0.8440222219180069,0
2024-01-21 17:00:00,West,30.945490473516912,Hat,0.620944441777073,0
2024-01-21 18:00:00,North,96.0189883056642,Hat,0.9555343513836918,0
2024-01-21 19:00:00,West,55.68046183663646,Glasses,0.9191326797728525,1
2024-01-21 20:00:00,East,34.81063430708957,Mask,0.8546914835436954,1
2024-01-21 21:00:00,North,63.35207579026865,Mask,0.9744229779155652,1
2024-01-21 22:00:00,North,89.83566687011266,Hat,0.5157109107556365,0
2024-01-21 23:00:00,West,78.5779909127649,Mask,0.8681002125303809,0
2024-01-22 00:00:00,East,84.52489182891598,Mask,0.6651213896682027,0
2024-01-22 01:00:00,North,72.70266933685738,Mask,0.9530329428431826,0
2024-01-22 02:00:00,West,75.3821251614282,Hat,0.6333375983309888,0
2024-01-22 03:00:00,East,87.93565212522554,Glasses,0.8624282496575085,0
2024-01-22 04:00:00,West,39.97344070873488,Mask,0.9388235098253908,0
2024-01-22 05:00:00,South,59.15399709145124,Hat,0.5208284091913412,0
2024-01-22 06:00:00,North,37.69675534556818,Hat,0.6988237897960181,0
2024-01-22 07:00:00,South,99.01344063973175,Glasses,0.8811545160109693,0
2024-01-22 08:00:00,East,95.52474717492906,Mask,0.7274594447537935,0
2024-01-22 09:00:00,South,23.154144909480472,Mask,0.6336263148967977,0
2024-01-22 10:00:00,South,76.44601380125508,Glasses,0.609902674411595,0
2024-01-22 11:00:00,East,94.01986539325327,Glasses,0.565759133458189,0
2024-01-22 12:00:00,West,34.44602761018668,Hat,0.9285647799281411,0
2024-01-22 13:00:00,South,65.43561844421035,Hat,0.787677701625778,0
2024-01-22 14:00:00,West,93.23906380704335,Glasses,0.538192472495728,0
2024-01-22 15:00:00,South,22.715678286863906,Mask,0.6912901617853178,0
2024-01-22 16:00:00,West,75.7936213797472,Hat,0.683866825402555,0
2024-01-22 17:00:00,East,43.78792058980406,Hat,0.5908695953547315,0
2024-01-22 18:00:00,South,93.95169563012243,Mask,0.7177538127360954,1
2024-01-22 19:00:00,East,97.68465961322943,Hat,0.6660496826965683,0
2024-01-22 20:00:00,South,95.54131912907471,Mask,0.6709018527460913,0
2024-01-22 21:00:00,East,57.9371373325971,Mask,0.8695132788939793,0
2024-01-22 22:00:00,East,88.96341207914507,Mask,0.6116316927525982,0
2024-01-22 23:00:00,South,87.56395188280563,Glasses,0.8209299794276776,0
2024-01-23 00:00:00,South,45.528037859460454,Glasses,0.7853248119404674,0
2024-01-23 01:00:00,South,86.3132379320542,Glasses,0.7840462561689336,0
2024-01-23 02:00:00,North,22.96061077723941,Mask,0.831503673070888,0
2024-01-23 03:00:00,West,67.70159027856424,Mask,0.774191018097827,0
2024-01-23 04:00:00,North,38.40070698301624,Glasses,0.9396275574231923,0
2024-01-23 05:00:00,North,29.645350862182305,Hat,0.83779004597513,1
2024-01-23 06:00:00,East,26.156256130336732,Mask,0.773481625685694,0
2024-01-23 07:00:00,South,75.70310207025118,Hat,0.9148815601438225,1
2024-01-23 08:00:00,West,47.18999710144529,Hat,0.8030732824667399,0
2024-01-23 09:00:00,East,77.98134172230093,Mask,0.6455721238925896,1
2024-01-23 10:00:00,North,25.22850726391539,Mask,0.6035474590882857,1
2024-01-23 11:00:00,South,45.223227026448825,Hat,0.5761638928313394,0
2024-01-23 12:00:00,East,63.15930339002698,Hat,0.9497276062730509,0
2024-01-23 13:00:00,South,83.25785318711709,Glasses,0.855067715899033,0
2024-01-23 14:00:00,East,45.5002002345656,Glasses,0.9686892190821603,0
2024-01-23 15:00:00,South,70.07131011496072,Mask,0.8016459028574715,0
2024-01-23 16:00:00,North,90.87821985889497,Glasses,0.7367004407474562,0
2024-01-23 17:00:00,West,69.26905505458436,Glasses,0.5298582444854447,0
2024-01-23 18:00:00,North,38.6367579802907,Glasses,0.835821140773015,0
2024-01-23 19:00:00,West,21.952062524523043,Glasses,0.7911043798841155,1
2024-01-23 20:00:00,South,89.60790991207439,Hat,0.9951044467938107,0
2024-01-23 21:00:00,East,21.701552868030973,Mask,0.6195793888911215,0
2024-01-23 22:00:00,North,89.97613381473596,Glasses,0.7653686776434179,0
2024-01-23 23:00:00,West,62.31497072217696,Hat,0.8254786675590363,1
2024-01-24 00:00:00,North,95.1254158810317,Hat,0.8222955873711718,0
2024-01-24 01:00:00,West,83.90265886189323,Hat,0.7806467714742014,0
2024-01-24 02:00:00,North,99.834728842667,Glasses,0.8884640051636128,0
2024-01-24 03:00:00,West,48.05694523613681,Glasses,0.6024906047634082,0
2024-01-24 04:00:00,West,81.37506311449016,Mask,0.862813600137208,0
2024-01-24 05:00:00,South,52.15447308873937,Glasses,0.8098672857165445,1
2024-01-24 06:00:00,West,58.39004962431271,Glasses,0.9480375558972867,0
2024-01-24 07:00:00,South,70.2004370574696,Hat,0.9235972195167909,0
2024-01-24 08:00:00,West,89.8941691349071,Mask,0.6575735195662766,1
2024-01-24 09:00:00,East,98.72667753594361,Glasses,0.6381186624875765,0
2024-01-24 10:00:00,East,81.46187310916146,Glasses,0.9908266619262239,0
2024-01-24 11:00:00,East,53.4213425733867,Hat,0.7636325904576282,1
2024-01-24 12:00:00,West,53.70856018216561,Hat,0.9532104819572185,0
2024-01-24 13:00:00,South,79.00658412711132,Glasses,0.5819405118902411,0
2024-01-24 14:00:00,South,39.10217166146418,Mask,0.8214094574000872,0
2024-01-24 15:00:00,West,28.837929050511573,Mask,0.9049300936802931,0
2024-01-24 16:00:00,East,48.36977261126212,Hat,0.9736976247932234,0
2024-01-24 17:00:00,East,42.97911933232654,Hat,0.6686700705085118,0
2024-01-24 18:00:00,South,43.7046496364792,Glasses,0.8624905849620262,0
2024-01-24 19:00:00,East,38.688620083992795,Hat,0.7694065045198095,1
2024-01-24 20:00:00,North,23.36745517090895,Glasses,0.5303144630332342,0
2024-01-24 21:00:00,South,21.429914778673105,Mask,0.8449998686544717,1
2024-01-24 22:00:00,East,99.01779117888252,Mask,0.8450482791189218,1
2024-01-24 23:00:00,South,54.22185069886899,Glasses,0.9653034024232685,0
2024-01-25 00:00:00,North,50.74613177277453,Hat,0.7486562230844862,0
2024-01-25 01:00:00,South,74.3717826154456,Mask,0.6151254603552574,0
2024-01-25 02:00:00,South,37.46031102920513,Hat,0.5222819117243396,0
2024-01-25 03:00:00,South,95.99689471601803,Mask,0.7078210933429528,1
2024-01-25 04:00:00,South,82.90760115324417,Glasses,0.6509583500387509,0
2024-01-25 05:00:00,North,27.15288018498076,Glasses,0.8805441530119378,0
2024-01-25 06:00:00,West,53.40646206279427,Glasses,0.6771338824205233,0
2024-01-25 07:00:00,South,90.32946460497317,Mask,0.974535598157422,0
2024-01-25 08:00:00,South,95.57856178331282,Hat,0.9811551014938922,0
2024-01-25 09:00:00,East,57.39212089998958,Hat,0.810454295108854,0
2024-01-25 10:00:00,South,69.07291113685662,Hat,0.9643301435074414,0
2024-01-25 11:00:00,East,33.36271568736602,Mask,0.8804271722572479,0
2024-01-25 12:00:00,West,99.29349009095813,Mask,0.7734298204875631,0
2024-01-25 13:00:00,North,38.53373611067547,Mask,0.5901539677113891,0
2024-01-25 14:00:00,North,95.41854193081005,Mask,0.72929897175692,0
2024-01-25 15:00:00,West,71.97173191938947,Mask,0.7804372316813089,1
2024-01-25 16:00:00,North,68.61894359030873,Hat,0.931980790367505,0
2024-01-25 17:00:00,West,61.015080881320685,Mask,0.7406666882678324,0
2024-01-25 18:00:00,West,38.45358493742069,Mask,0.9488373363389784,0
2024-01-25 19:00:00,West,34.12224256044066,Hat,0.8371744895117345,0
2024-01-25 20:00:00,North,37.63889672561403,Mask,0.5684995315268357,1
2024-01-25 21:00:00,East,34.91506097154036,Hat,0.9974906846625464,0
2024-01-25 22:00:00,West,82.36675788534026,Hat,0.7636163303769563,0
2024-01-25 23:00:00,South,48.01002073333841,Glasses,0.6959291482045394,0
2024-01-26 00:00:00,North,24.62741412507171,Glasses,0.8295568822347632,0
2024-01-26 01:00:00,West,97.52821041126491,Glasses,0.5544466569905195,0
2024-01-26 02:00:00,West,90.70287079707406,Glasses,0.8182693233766771,0
2024-01-26 03:00:00,South,94.22018265561704,Mask,0.7491180002496365,0
2024-01-26 04:00:00,East,99.59262581171483,Glasses,0.7033370349992916,0
2024-01-26 05:00:00,East,33.91161993755898,Hat,0.9765100105894495,0
2024-01-26 06:00:00,East,51.699361512212704,Mask,0.7612698583660267,1
2024-01-26 07:00:00,West,80.6590780563273,Glasses,0.6095587397349692,0
2024-01-26 08:00:00,West,75.68164944430337,Hat,0.7294817396886493,0
2024-01-26 09:00:00,West,32.311672507188405,Mask,0.9596937022863363,0
2024-01-26 10:00:00,North,85.26664999924942,Mask,0.5880477356652973,1
2024-01-26 11:00:00,South,37.95524574693285,Glasses,0.6069785193441184,0
2024-01-26 12:00:00,West,37.905409185809845,Mask,0.5065147838785419,1
2024-01-26 13:00:00,South,62.957953831473084,Hat,0.5070950246978836,0
2024-01-26 14:00:00,South,67.43519478733626,Mask,0.9146958134792562,0
2024-01-26 15:00:00,East,66.40689662702489,Hat,0.8660613034214779,0
2024-01-26 16:00:00,North,27.31894699182039,Mask,0.6775205282259791,0
2024-01-26 17:00:00,West,90.19686901043043,Glasses,0.8491555786137863,0
2024-01-26 18:00:00,East,41.24800340709648,Hat,0.6976029631549852,0
2024-01-26 19:00:00,East,30.361193702624334,Mask,0.9764483979989138,0
2024-01-26 20:00:00,West,91.09984638951818,Mask,0.9835263407130175,0
2024-01-26 21:00:00,South,96.45211985838027,Mask,0.6963968879046717,0
2024-01-26 22:00:00,East,88.97020938123605,Hat,0.927110953170434,0
2024-01-26 23:00:00,South,84.76128597799024,Hat,0.886544520848733,0
2024-01-27 00:00:00,North,72.41935845112174,Hat,0.6549999685858947,0
2024-01-27 01:00:00,South,64.06858964873115,Glasses,0.6160199144505529,0
2024-01-27 02:00:00,North,26.958940792912813,Glasses,0.7291173251964169,0
2024-01-27 03:00:00,South,52.676257045655895,Hat,0.8906744203072031,1
2024-01-27 04:00:00,East,49.81508136098512,Mask,0.9800838923643727,0
2024-01-27 05:00:00,East,40.7803027008261,Glasses,0.8817895344332862,0
2024-01-27 06:00:00,North,77.87360909508679,Hat,0.927603492509185,0
2024-01-27 07:00:00,West,59.67005880630167,Mask,0.8015321530852583,1
2024-01-27 08:00:00,North,26.483697272611835,Glasses,0.9177039154210629,0
2024-01-27 09:00:00,North,37.6146561559849,Mask,0.8922104290017088,0
2024-01-27 10:00:00,South,74.66070109276768,Mask,0.6884927709631401,1
2024-01-27 11:00:00,South,26.090468759224017,Mask,0.7759951510603605,0
2024-01-27 12:00:00,North,88.0965531239015,Mask,0.9023765609948474,0
2024-01-27 13:00:00,East,59.611722161117946,Glasses,0.5230283670949782,0
2024-01-27 14:00:00,South,58.44692618613184,Glasses,0.904039641177915,0
2024-01-27 15:00:00,West,67.3926227727614,Glasses,0.5889440620245117,0
2024-01-27 16:00:00,South,85.97447727401193,Hat,0.7573418085607195,1
2024-01-27 17:00:00,South,47.824736632175444,Glasses,0.9041377197779688,0
2024-01-27 18:00:00,West,74.24129220472508,Mask,0.6269105390783474,1
2024-01-27 19:00:00,North,65.2585571196633,Glasses,0.6229037196530764,0
2024-01-27 20:00:00,West,41.362261613553706,Mask,0.701382199231126,0
2024-01-27 21:00:00,North,90.29039890841264,Hat,0.9473213987888173,0
2024-01-27 22:00:00,North,83.79408172855425,Mask,0.5002213907186039,0
2024-01-27 23:00:00,North,72.67614677267403,Mask,0.9506915483209675,0
2024-01-28 00:00:00,West,88.04653832753935,Mask,0.576903512320804,0
2024-01-28 01:00:00,North,89.3835360767842,Hat,0.995043188033741,0
2024-01-28 02:00:00,East,76.66903813720279,Glasses,0.9774234965192341,0
2024-01-28 03:00:00,West,86.96106626909376,Glasses,0.7473375947956417,0
2024-01-28 04:00:00,East,75.79771693354269,Hat,0.756360123906314,0
2024-01-28 05:00:00,North,74.41126174082403,Mask,0.7407746701379272,0
2024-01-28 06:00:00,South,69.48891025721474,Glasses,0.8177218228297614,0
2024-01-28 07:00:00,North,80.2173311646113,Hat,0.5453608511174655,0
2024-01-28 08:00:00,East,32.68840842344589,Glasses,0.5163089741707833,1
2024-01-28 09:00:00,East,90.46966073591427,Hat,0.5288514642079494,0
2024-01-28 10:00:00,West,89.74748221961856,Mask,0.7221826746207571,0
2024-01-28 11:00:00,South,22.33978264276473,Glasses,0.6377739696097418,0
2024-01-28 12:00:00,West,86.06534004518102,Hat,0.8110197811854969,0
2024-01-28 13:00:00,East,30.309589397875616,Glasses,0.9962211446873894,0
2024-01-28 14:00:00,North,46.809508340731355,Glasses,0.693161586538233,1
2024-01-28 15:00:00,South,79.48066050332862,Glasses,0.7869206270522566,1
2024-01-28 16:00:00,North,32.860791683864655,Glasses,0.7078019479536677,0
2024-01-28 17:00:00,North,85.43736192952497,Hat,0.9236358338609296,0
2024-01-28 18:00:00,South,86.57073423661936,Mask,0.951118201731119,0
2024-01-28 19:00:00,West,60.597418700866896,Hat,0.93867780610263,0
2024-01-28 20:00:00,North,20.510869737346688,Hat,0.9871861193396287,0
2024-01-28 21:00:00,East,42.96305065399302,Hat,0.5137595925702076,0
2024-01-28 22:00:00,North,69.35415347005937,Mask,0.9199080810727656,0
2024-01-28 23:00:00,South,98.49489424219388,Glasses,0.8758860865195466,0
2024-01-29 00:00:00,South,70.54508216133347,Glasses,0.6143472047001823,0
2024-01-29 01:00:00,South,40.78428648513278,Glasses,0.9781600466937638,1
2024-01-29 02:00:00,West,70.72045624796891,Mask,0.5740889641149727,0
2024-01-29 03:00:00,North,63.198830377268436,Glasses,0.8397749635669542,0
2024-01-29 04:00:00,West,82.3876316120915,Mask,0.6124451084079563,0
2024-01-29 05:00:00,West,28.558451106156674,Glasses,0.7156903243870374,1
2024-01-29 06:00:00,South,80.88223220016224,Glasses,0.8595799484722845,1
2024-01-29 07:00:00,South,63.301326294088824,Hat,0.7816623210165233,0
2024-01-29 08:00:00,West,97.03936030871957,Mask,0.7137509156640558,0
2024-01-29 09:00:00,North,47.34977328309489,Hat,0.6631692154659936,0
2024-01-29 10:00:00,East,70.60975145071585,Hat,0.9198298278543952,0
2024-01-29 11:00:00,West,94.5622484408014,Hat,0.5719071751574069,0
2024-01-29 12:00:00,North,28.20077823925434,Mask,0.7150514382649,0
2024-01-29 13:00:00,South,94.9782789789161,Mask,0.951878785887571,0
2024-01-29 14:00:00,South,75.03085778406506,Glasses,0.9229247752299838,0
2024-01-29 15:00:00,North,25.42696472841375,Hat,0.7004708812365233,0
2024-01-29 16:00:00,East,44.0770853557453,Glasses,0.8815541818006541,1
2024-01-29 17:00:00,South,76.65376709162253,Hat,0.9115804153544296,0
2024-01-29 18:00:00,South,25.388048117501736,Mask,0.9444437120018149,0
2024-01-29 19:00:00,South,66.57363681410186,Mask,0.7722528845246139,0
2024-01-29 20:00:00,North,47.67064455623654,Mask,0.602230443027356,0
2024-01-29 21:00:00,West,69.67324142139816,Hat,0.6276545382519658,0
2024-01-29 22:00:00,South,23.65936270500103,Mask,0.6478473370208021,0
2024-01-29 23:00:00,West,89.7229444921901,Hat,0.7969012404048077,1
2024-01-30 00:00:00,East,97.87911753419175,Glasses,0.5164048120643042,0
2024-01-30 01:00:00,South,97.51022842285532,Hat,0.8180212343899842,0
2024-01-30 02:00:00,South,79.97214653943398,Glasses,0.682177119214116,1
2024-01-30 03:00:00,East,30.406899210450558,Hat,0.6476209012448211,0
2024-01-30 04:00:00,South,80.6610556743218,Glasses,0.9397482853640632,0
2024-01-30 05:00:00,West,21.96695331670412,Mask,0.7300011977903995,0
2024-01-30 06:00:00,North,21.76988412231978,Glasses,0.5475265227663464,0
2024-01-30 07:00:00,West,45.8888175319633,Mask,0.9133733840131235,0
2024-01-30 08:00:00,North,59.091455232373264,Mask,0.5238206287182533,0
2024-01-30 09:00:00,North,81.63259342462345,Glasses,0.8633746120840984,0
2024-01-30 10:00:00,West,74.66363012852042,Hat,0.8869531108853326,0
2024-01-30 11:00:00,West,55.67221651013987,Hat,0.6763013029644291,0
2024-01-30 12:00:00,West,41.89013330253327,Hat,0.9123939281388933,0
2024-01-30 13:00:00,West,99.76996001261689,Hat,0.7578297029282267,0
2024-01-30 14:00:00,East,54.094504178877834,Hat,0.7316468266363985,1
2024-01-30 15:00:00,South,56.11096194637404,Mask,0.5227016407343463,0
2024-01-30 16:00:00,North,33.089905695333535,Hat,0.645014596824453,0
2024-01-30 17:00:00,West,83.58476389999436,Mask,0.9655049854426498,1
2024-01-30 18:00:00,West,75.49457806251908,Mask,0.69591198164175,0
2024-01-30 19:00:00,West,37.66156902310083,Mask,0.7733502602783842,0
2024-01-30 20:00:00,East,26.590483649267416,Glasses,0.7660108394921259,0
2024-01-30 21:00:00,West,74.43994416597704,Glasses,0.7952155449113467,0
2024-01-30 22:00:00,West,72.36089714249081,Mask,0.5306654778216413,0
2024-01-30 23:00:00,West,41.86076215985675,Glasses,0.6810881273993641,0
2024-01-31 00:00:00,South,96.06908498003283,Hat,0.8615641369412771,0
2024-01-31 01:00:00,East,32.08463134247202,Hat,0.6002801255364915,0
2024-01-31 02:00:00,West,54.586784083408155,Mask,0.6017891887731802,1
2024-01-31 03:00:00,North,95.4892736134079,Hat,0.5050453033445124,0
2024-01-31 04:00:00,North,53.57818535408978,Mask,0.7187409633041049,1
2024-01-31 05:00:00,North,71.08207581312683,Mask,0.941367190336711,0
2024-01-31 06:00:00,East,51.80755183702354,Hat,0.5259504717936545,1
2024-01-31 07:00:00,East,41.937216187893604,Glasses,0.5955593547480014,0
2024-01-31 08:00:00,North,98.71821183678625,Hat,0.6550422691713775,0
2024-01-31 09:00:00,West,52.74672050520344,Hat,0.8658623682821065,0
2024-01-31 10:00:00,East,91.52793629433076,Mask,0.8203177964012933,0
2024-01-31 11:00:00,North,38.39636847128689,Mask,0.7079719522909276,0
2024-01-31 12:00:00,North,37.04837632200666,Mask,0.8795344696291878,1
2024-01-31 13:00:00,West,22.49072663076091,Mask,0.804815505828451,1
2024-01-31 14:00:00,South,72.13334603007081,Glasses,0.9480203998286095,0
2024-01-31 15:00:00,East,49.48210749790089,Glasses,0.9090133745693465,0
2024-01-31 16:00:00,West,89.14865998717096,Glasses,0.6264068030446003,0
2024-01-31 17:00:00,North,57.85679253532457,Mask,0.6357192888171002,0
2024-01-31 18:00:00,North,97.45547423317774,Mask,0.5626782378961928,0
2024-01-31 19:00:00,West,34.84204125624969,Mask,0.6684823628587282,0
2024-01-31 20:00:00,East,89.48985343644887,Glasses,0.9997719593595471,1
2024-01-31 21:00:00,South,82.12774822333934,Mask,0.7028755843075305,0
2024-01-31 22:00:00,South,81.67374757152416,Hat,0.6102442173445533,0
2024-01-31 23:00:00,North,87.58265824935101,Hat,0.8812414422377766,0
2024-02-01 00:00:00,East,80.88191927543991,Mask,0.771235501731328,0
2024-02-01 01:00:00,South,70.09762573051323,Hat,0.5748007247634763,0
2024-02-01 02:00:00,East,30.499590214591006,Hat,0.6903448405804329,0
2024-02-01 03:00:00,East,22.602094359300153,Glasses,0.7072348577696717,1
2024-02-01 04:00:00,North,93.66782782525495,Mask,0.8769148502846094,0
2024-02-01 05:00:00,South,69.33202516165905,Mask,0.5103356844459522,0
2024-02-01 06:00:00,West,83.7229832780941,Glasses,0.6345098233991553,1
2024-02-01 07:00:00,North,58.52178812100401,Hat,0.758798150657761,0
2024-02-01 08:00:00,South,29.38465511699156,Hat,0.6344233712264217,0
2024-02-01 09:00:00,South,30.014863376204033,Mask,0.8142170237094994,0
2024-02-01 10:00:00,South,74.84522297831771,Hat,0.7409337396373084,0
2024-02-01 11:00:00,South,54.424471591957015,Glasses,0.6808551274297903,0
2024-02-01 12:00:00,South,36.04197813602694,Glasses,0.9746043134352561,0
2024-02-01 13:00:00,East,59.327563739314954,Mask,0.8160797495932287,0
2024-02-01 14:00:00,North,25.13671496601073,Glasses,0.5649706861339706,0
2024-02-01 15:00:00,East,66.5577121531519,Glasses,0.7800458487216977,1
2024-02-01 16:00:00,West,41.51947235480782,Mask,0.8903659266004504,0
2024-02-01 17:00:00,South,83.80472805097506,Glasses,0.8542448487463987,0
2024-02-01 18:00:00,North,44.8289567138859,Glasses,0.5860446146476297,0
2024-02-01 19:00:00,South,56.4176119265441,Glasses,0.9862099995200517,0
2024-02-01 20:00:00,North,20.92964319264805,Hat,0.7244068228733029,0
2024-02-01 21:00:00,East,25.795751023564712,Mask,0.5795125018701306,1
2024-02-01 22:00:00,North,51.399484512534784,Mask,0.5900978770640739,1
2024-02-01 23:00:00,West,58.39510677736988,Mask,0.5491174960945402,0
2024-02-02 00:00:00,West,68.0016438495443,Hat,0.9017590542174672,0
2024-02-02 01:00:00,North,43.33300629674426,Hat,0.5610152471609243,0
2024-02-02 02:00:00,North,75.5985508901234,Mask,0.5625626285708735,0
2024-02-02 03:00:00,North,88.80979177513636,Hat,0.9252358073804188,0
2024-02-02 04:00:00,North,82.38807911146799,Mask,0.6723020422237798,1
2024-02-02 05:00:00,West,23.16950602786857,Hat,0.5154289521540363,0
2024-02-02 06:00:00,South,58.44055578062631,Glasses,0.5259476497592055,0
2024-02-02 07:00:00,North,28.39441427345399,Glasses,0.5710852233519478,0
2024-02-02 08:00:00,North,39.363601269002196,Mask,0.6066966739878448,1
2024-02-02 09:00:00,West,98.93300746137172,Hat,0.8325730971192027,0
2024-02-02 10:00:00,West,31.39964343212106,Hat,0.5786631400009141,1
2024-02-02 11:00:00,East,59.911052276108485,Glasses,0.559437195588536,0
2024-02-02 12:00:00,North,69.45245874544952,Glasses,0.8823595707381395,0
2024-02-02 13:00:00,East,76.19719764352831,Hat,0.8355276419299572,0
2024-02-02 14:00:00,West,64.77189467895313,Hat,0.7176621107276181,0
2024-02-02 15:00:00,West,20.781667793534695,Hat,0.7746548857400519,0
2024-02-02 16:00:00,South,46.11690465951935,Hat,0.6559920101632093,0
2024-02-02 17:00:00,North,61.416931470776916,Hat,0.7412502101176803,0
2024-02-02 18:00:00,East,27.02931993158667,Hat,0.7533363244913729,0
2024-02-02 19:00:00,West,48.050154496734464,Mask,0.6936186355890479,0
2024-02-02 20:00:00,West,22.656248703309323,Hat,0.9532861053360814,0
2024-02-02 21:00:00,East,26.28627977240166,Glasses,0.508030932490503,0
2024-02-02 22:00:00,South,51.75386209612768,Mask,0.891085631545623,0
2024-02-02 23:00:00,West,30.617260323444828,Hat,0.5621914156206622,0
2024-02-03 00:00:00,North,65.40326786092464,Glasses,0.8987736802685997,0
2024-02-03 01:00:00,West,75.15719753098125,Mask,0.8079559578383606,0
2024-02-03 02:00:00,North,84.04693592872663,Glasses,0.9216390454682012,0
2024-02-03 03:00:00,East,36.012019539584806,Hat,0.5487571628204487,0
2024-02-03 04:00:00,North,33.398606580725584,Hat,0.779490317049887,0
2024-02-03 05:00:00,East,28.36542722675202,Hat,0.7505439401310985,0
2024-02-03 06:00:00,North,70.91441996349093,Hat,0.8530965914816793,0
2024-02-03 07:00:00,East,76.5180581189521,Mask,0.7671452759468379,0
2024-02-03 08:00:00,North,22.526891586051363,Mask,0.770367283566552,0
2024-02-03 09:00:00,South,94.89697969949519,Glasses,0.7147979717880324,0
2024-02-03 10:00:00,North,24.157702692117795,Hat,0.6544172120036704,0
2024-02-03 11:00:00,North,63.30370682408564,Glasses,0.7411321806260961,0
2024-02-03 12:00:00,South,76.72484155607332,Mask,0.5592461793842003,0
2024-02-03 13:00:00,West,89.67752989968685,Hat,0.9807566694915424,0
2024-02-03 14:00:00,West,77.12695457059422,Hat,0.8572053818132992,0
2024-02-03 15:00:00,North,84.13824664558335,Mask,0.9762335583439234,0
2024-02-03 16:00:00,South,47.15601540342448,Mask,0.6133636911649816,1
2024-02-03 17:00:00,North,85.18600909972098,Mask,0.9396705100882641,0
2024-02-03 18:00:00,East,26.409187710774013,Mask,0.9043949922817692,0
2024-02-03 19:00:00,East,91.58533248484221,Mask,0.8385762062288369,0
2024-02-03 20:00:00,North,63.8073900922989,Hat,0.8125145930426029,0
2024-02-03 21:00:00,West,85.3838215969995,Mask,0.6582748326339349,0
2024-02-03 22:00:00,West,56.18546276146401,Hat,0.9082053924825153,0
2024-02-03 23:00:00,North,71.48621561572199,Hat,0.750757730739867,0
2024-02-04 00:00:00,North,62.11221287488905,Mask,0.5354457879456427,0
2024-02-04 01:00:00,East,78.52716174042655,Mask,0.656431580427565,1
2024-02-04 02:00:00,West,26.530398562447168,Hat,0.9676485492726639,0
2024-02-04 03:00:00,North,24.828166719245104,Mask,0.9253401303024231,0
2024-02-04 04:00:00,East,39.768258720811716,Mask,0.9909528490382695,0
2024-02-04 05:00:00,West,32.76357440905507,Mask,0.8139966913020491,0
2024-02-04 06:00:00,South,89.74268532737614,Glasses,0.623755036570206,0
2024-02-04 07:00:00,East,37.53711898864354,Hat,0.5814075248384318,0
2024-02-04 08:00:00,West,98.0692204655305,Glasses,0.5934572203042308,1
2024-02-04 09:00:00,West,46.951663341688544,Mask,0.5098978291736271,0
2024-02-04 10:00:00,East,34.569433255095944,Glasses,0.6953410554929695,0
2024-02-04 11:00:00,South,83.17588057139832,Mask,0.5957138402497713,1
2024-02-04 12:00:00,East,72.69662204007008,Glasses,0.7058277302283512,0
2024-02-04 13:00:00,West,59.85565731625112,Mask,0.9674972159193826,1
2024-02-04 14:00:00,North,64.42908407501051,Glasses,0.715270104753595,0
2024-02-04 15:00:00,North,77.53614226178111,Glasses,0.9389922484924174,0
2024-02-04 16:00:00,East,38.2763793065039,Glasses,0.8027523833079382,0
2024-02-04 17:00:00,West,99.70671328453935,Hat,0.623565777330696,0
2024-02-04 18:00:00,North,97.98345297174265,Glasses,0.6779273796296057,0
2024-02-04 19:00:00,West,72.02605490775495,Hat,0.5419597679107147,0
2024-02-04 20:00:00,East,35.96339607433161,Mask,0.6667312967980052,1
2024-02-04 21:00:00,North,74.41825939450331,Glasses,0.8387704727517671,0
2024-02-04 22:00:00,West,25.775872718334067,Mask,0.5360555464647176,0
2024-02-04 23:00:00,North,22.452200176464487,Mask,0.6027007042390147,0
2024-02-05 00:00:00,East,40.6146310808971,Glasses,0.6907205207066558,0
2024-02-05 01:00:00,West,57.009836539145304,Hat,0.9910247685079813,0
2024-02-05 02:00:00,North,89.46180043267044,Glasses,0.8924309114794401,0
2024-02-05 03:00:00,East,78.17352558130465,Mask,0.8667433732460519,0
2024-02-05 04:00:00,North,79.41652169599848,Mask,0.558095478262723,0
2024-02-05 05:00:00,North,54.03946675584603,Glasses,0.8904979468074957,0
2024-02-05 06:00:00,South,47.674799403757035,Hat,0.8926344057580076,1
2024-02-05 07:00:00,South,49.683101038768214,Hat,0.8005513478121642,0
2024-02-05 08:00:00,East,99.01196509888463,Mask,0.9951808909991859,0
2024-02-05 09:00:00,South,23.2087353129986,Mask,0.6626269529622759,0
2024-02-05 10:00:00,East,89.36251968979589,Hat,0.9706362241209259,0
2024-02-05 11:00:00,South,66.29403268579148,Glasses,0.9573655574782518,0
2024-02-05 12:00:00,North,55.08923353516724,Mask,0.505740329874689,0
2024-02-05 13:00:00,East,78.02061283321092,Hat,0.7250582632374055,0
2024-02-05 14:00:00,East,58.93351531397623,Mask,0.9885521165257867,0
2024-02-05 15:00:00,North,89.87385904653284,Glasses,0.5515606812040379,0
2024-02-05 16:00:00,East,92.05614912090068,Hat,0.7738923471916597,1
2024-02-05 17:00:00,East,53.73767414987643,Mask,0.989478753520552,0
2024-02-05 18:00:00,South,42.14622377880413,Glasses,0.7777477120529301,0
2024-02-05 19:00:00,East,67.38802628746897,Mask,0.594907651486078,0
2024-02-05 20:00:00,West,92.98906764933528,Glasses,0.7910916150462949,0
2024-02-05 21:00:00,North,36.85297512045332,Glasses,0.6022202869747735,0
2024-02-05 22:00:00,South,69.83732668507862,Hat,0.7598521314472422,0
2024-02-05 23:00:00,South,70.52481760740164,Glasses,0.537021108956174,0
2024-02-06 00:00:00,West,78.64904179322248,Mask,0.8027413346072023,0
2024-02-06 01:00:00,North,30.525414810180784,Glasses,0.758394969564079,0
2024-02-06 02:00:00,North,77.26599717456708,Glasses,0.8700806843807316,0
2024-02-06 03:00:00,South,92.72260165325127,Hat,0.8153502355793925,0
2024-02-06 04:00:00,East,34.37464870961936,Glasses,0.7748031342653783,0
2024-02-06 05:00:00,South,39.00346599391021,Glasses,0.8448894246240606,0
2024-02-06 06:00:00,North,97.71160752333117,Mask,0.5719709567861154,0
2024-02-06 07:00:00,West,34.47815621675918,Hat,0.797679830629302,0
2024-02-06 08:00:00,South,88.35080746956633,Hat,0.5860553014113888,0
2024-02-06 09:00:00,North,59.38222851584278,Hat,0.9627611039259405,0
2024-02-06 10:00:00,South,39.778485952254165,Glasses,0.5341670524228022,0
2024-02-06 11:00:00,East,89.65999210180091,Hat,0.7151873748453966,0
2024-02-06 12:00:00,South,55.62442040021324,Glasses,0.8478987388277224,0
2024-02-06 13:00:00,South,61.18538831437522,Glasses,0.7290111058341293,0
2024-02-06 14:00:00,North,48.73866955198125,Mask,0.5460476266164511,0
2024-02-06 15:00:00,North,67.4360681147942,Mask,0.7766895080633537,0
2024-02-06 16:00:00,North,33.08190980680182,Mask,0.8208159544136773,0
2024-02-06 17:00:00,South,51.286522932140855,Mask,0.8518961554952538,0
2024-02-06 18:00:00,East,97.552985786823,Mask,0.6866299072313795,0
2024-02-06 19:00:00,West,40.6506746160902,Glasses,0.7818299855143811,1
2024-02-06 20:00:00,West,72.53893316330337,Glasses,0.7253432374694566,0
2024-02-06 21:00:00,North,46.01520513797559,Hat,0.8360280193761267,0
2024-02-06 22:00:00,North,81.87785005492805,Glasses,0.7917784836624093,1
2024-02-06 23:00:00,South,30.469892857467986,Glasses,0.7628781097795674,1
2024-02-07 00:00:00,West,97.58568360628358,Mask,0.6247621834191244,0
2024-02-07 01:00:00,North,56.30316331069114,Glasses,0.501009258874117,0
2024-02-07 02:00:00,East,38.88403706771712,Mask,0.5870408376557146,0
2024-02-07 03:00:00,East,25.87973978640101,Hat,0.5585330207120843,0
2024-02-07 04:00:00,North,33.58063240700326,Hat,0.7245423725054734,0
2024-02-07 05:00:00,North,61.58191588448141,Glasses,0.8061290753809223,0
2024-02-07 06:00:00,West,46.9602541145029,Hat,0.6065425043424041,0
2024-02-07 07:00:00,West,86.31066927060876,Glasses,0.9695285479835936,1
2024-02-07 08:00:00,South,54.47100189294447,Hat,0.5033410646119438,0
2024-02-07 09:00:00,West,39.89714180701039,Mask,0.8861505075826714,0
2024-02-07 10:00:00,East,69.37159892832241,Mask,0.8126023847652211,0
2024-02-07 11:00:00,East,76.54217735083566,Mask,0.686777400523841,0
2024-02-07 12:00:00,North,33.36335263207599,Mask,0.525244472206204,0
2024-02-07 13:00:00,West,33.40953730306541,Glasses,0.8137432858921396,0
2024-02-07 14:00:00,South,22.933714154683436,Hat,0.692806756432824,0
2024-02-07 15:00:00,East,78.91216120525124,Glasses,0.9681335697066096,0
2024-02-07 16:00:00,East,73.10436220974441,Mask,0.770995037444883,0
2024-02-07 17:00:00,South,57.97047005998511,Glasses,0.9698257556467541,1
2024-02-07 18:00:00,South,87.53363591753578,Hat,0.610241846736652,0
2024-02-07 19:00:00,East,84.45361223600426,Glasses,0.8628629551820517,0
2024-02-07 20:00:00,East,66.82834915174017,Hat,0.8086245104243628,0
2024-02-07 21:00:00,South,89.4617024410607,Glasses,0.8697041149156559,0
2024-02-07 22:00:00,East,36.46729680294146,Hat,0.6073339319862684,0
2024-02-07 23:00:00,North,28.95356955181823,Hat,0.8324972581188869,0
2024-02-08 00:00:00,North,41.57996892135917,Mask,0.7490201965284344,1
2024-02-08 01:00:00,South,24.56694848714519,Hat,0.8714124874531581,1
2024-02-08 02:00:00,West,62.49356224008256,Mask,0.6635223220759089,0
2024-02-08 03:00:00,South,94.92845538359691,Mask,0.9450285127326263,0
2024-02-08 04:00:00,South,23.14748325348077,Mask,0.5421506573056751,0
2024-02-08 05:00:00,West,29.768793120802144,Glasses,0.903594659395594,0
2024-02-08 06:00:00,West,56.175922262674824,Glasses,0.9306598129075454,0
2024-02-08 07:00:00,West,94.7100014022324,Glasses,0.9086261556834105,0
2024-02-08 08:00:00,North,45.29248839814004,Glasses,0.756363197130888,1
2024-02-08 09:00:00,East,60.57878469507139,Hat,0.7191924900153807,0
2024-02-08 10:00:00,North,23.325828724031368,Hat,0.9981311432624385,1
2024-02-08 11:00:00,East,31.86745607696711,Glasses,0.6145859756070811,0
2024-02-08 12:00:00,North,98.93040983670775,Hat,0.7734379829380222,0
2024-02-08 13:00:00,East,97.20949571488364,Hat,0.8353377626911628,0
2024-02-08 14:00:00,North,20.395198474752767,Mask,0.850433817930716,0
2024-02-08 15:00:00,West,96.14494283385912,Mask,0.6020123328692893,0
2024-02-08 16:00:00,South,71.12959502524004,Mask,0.8269970461699006,1
2024-02-08 17:00:00,North,89.43346356160177,Mask,0.9091847832406686,0
2024-02-08 18:00:00,East,56.379188450708725,Hat,0.5250092884105562,1
2024-02-08 19:00:00,West,61.24768228634002,Glasses,0.9557606466626583,1
2024-02-08 20:00:00,North,59.10772642055362,Hat,0.514752027572603,0
2024-02-08 21:00:00,North,73.34914060368834,Hat,0.6779855162441972,1
2024-02-08 22:00:00,West,31.172100380505032,Hat,0.507906598116481,1
2024-02-08 23:00:00,North,22.397887189814234,Mask,0.5385725842697909,0
2024-02-09 00:00:00,South,44.63439532729527,Mask,0.9555841425900395,0
2024-02-09 01:00:00,North,76.37446101893174,Mask,0.6774304153730739,1
2024-02-09 02:00:00,South,36.14827616983587,Glasses,0.7123857652125265,0
2024-02-09 03:00:00,South,73.87459466599338,Hat,0.6076721906912763,0
2024-02-09 04:00:00,West,97.59296368858163,Glasses,0.7985478850933598,1
2024-02-09 05:00:00,North,27.512057263153473,Mask,0.7974016073388948,0
2024-02-09 06:00:00,West,73.8081694580101,Glasses,0.6861001959126096,0
2024-02-09 07:00:00,North,55.50001754436569,Hat,0.6665174359026992,0
2024-02-09 08:00:00,North,89.45138035020042,Hat,0.9424821540902939,0
2024-02-09 09:00:00,East,34.17198315579087,Mask,0.6916421198211007,0
2024-02-09 10:00:00,North,75.41007617809316,Mask,0.7467504960772041,1
2024-02-09 11:00:00,West,87.04922317184882,Glasses,0.6416523812124653,0
2024-02-09 12:00:00,South,95.56913755792186,Mask,0.8933847516785637,0
2024-02-09 13:00:00,North,74.65984226317167,Mask,0.6987240784495459,0
2024-02-09 14:00:00,East,59.773981120674186,Hat,0.7568055232721622,0
2024-02-09 15:00:00,West,69.42777921609711,Mask,0.6266785850298306,0
2024-02-09 16:00:00,North,89.51239875829745,Mask,0.993829796170626,1
2024-02-09 17:00:00,West,65.64877973110637,Hat,0.6457478704618614,1
2024-02-09 18:00:00,East,22.43096477574695,Hat,0.8853712654527759,0
2024-02-09 19:00:00,East,94.47589564055822,Glasses,0.7137478251783795,0
2024-02-09 20:00:00,West,75.1621400825249,Mask,0.6031087025420699,1
2024-02-09 21:00:00,North,74.12107086217972,Hat,0.8998593819824305,1
2024-02-09 22:00:00,South,37.254012191817374,Glasses,0.6668033945145215,0
2024-02-09 23:00:00,East,72.71083761861257,Glasses,0.9325966736989055,0
2024-02-10 00:00:00,North,51.50915245233268,Mask,0.9576285924589115,0
2024-02-10 01:00:00,North,72.09863816331936,Mask,0.929911917695638,1
2024-02-10 02:00:00,South,28.527442424639258,Glasses,0.5175039574034028,0
2024-02-10 03:00:00,East,72.62762436824289,Hat,0.8936866725025527,0
2024-02-10 04:00:00,East,99.95309806165332,Glasses,0.7056697332495719,0
2024-02-10 05:00:00,North,23.856963108844482,Mask,0.9368614600911125,1
2024-02-10 06:00:00,North,98.17393473770538,Hat,0.8189771313423694,0
2024-02-10 07:00:00,South,52.55263685782965,Hat,0.9168215670719793,0
2024-02-10 08:00:00,South,89.66027602698074,Glasses,0.7497158849334177,0
2024-02-10 09:00:00,East,82.59083872466188,Mask,0.7675127522994665,0
2024-02-10 10:00:00,West,65.36130087893342,Glasses,0.5721938160668336,0
2024-02-10 11:00:00,East,79.07593674010613,Glasses,0.8919936793446777,1
2024-02-10 12:00:00,North,90.28124490410784,Glasses,0.7096948058334858,1
2024-02-10 13:00:00,East,52.331225732082636,Hat,0.7500400591357913,1
2024-02-10 14:00:00,West,46.16265292505909,Hat,0.8925488570478538,1
2024-02-10 15:00:00,South,73.40747084508678,Mask,0.7994227000397195,0
2024-02-10 16:00:00,West,84.62767535530068,Mask,0.6005493637213337,1
2024-02-10 17:00:00,West,80.98281078212926,Glasses,0.7951163295754464,0
2024-02-10 18:00:00,West,83.82509190869075,Glasses,0.7038164289898279,0
2024-02-10 19:00:00,South,54.84666518503464,Glasses,0.7347627710219313,1
2024-02-10 20:00:00,West,85.42673729400173,Mask,0.5141556372013338,0
2024-02-10 21:00:00,West,29.616724429648677,Hat,0.6050146747581409,0
2024-02-10 22:00:00,West,63.559127836867965,Hat,0.6405190406905141,0
2024-02-10 23:00:00,North,20.460692839849727,Glasses,0.8564800039294029,0
2024-02-11 00:00:00,West,45.96686639202162,Glasses,0.5057462366490577,0
2024-02-11 01:00:00,South,49.31692278971183,Glasses,0.704388630614566,1
2024-02-11 02:00:00,West,51.69381532874043,Glasses,0.9620134352128664,1
2024-02-11 03:00:00,West,75.63737653518898,Mask,0.555940308274562,0
2024-02-11 04:00:00,South,51.08464810162766,Hat,0.7582121941093055,0
2024-02-11 05:00:00,West,55.895489809802456,Glasses,0.8932611911954236,0
2024-02-11 06:00:00,South,39.0035304699462,Mask,0.9712656537600584,1
2024-02-11 07:00:00,West,49.860143330347206,Glasses,0.873388319766859,0
2024-02-11 08:00:00,South,38.181570181052116,Glasses,0.860282774322203,0
2024-02-11 09:00:00,West,25.85567390147549,Hat,0.9132440450978812,0
2024-02-11 10:00:00,West,68.27588747051024,Glasses,0.7231006104887718,0
2024-02-11 11:00:00,North,73.45702388440131,Hat,0.9029222663089165,0
2024-02-11 12:00:00,North,69.55922768076917,Hat,0.5039822023727256,1
2024-02-11 13:00:00,West,57.07952350404579,Hat,0.9622805276884024,0
2024-02-11 14:00:00,West,50.38286241433838,Mask,0.7216532547585877,0
2024-02-11 15:00:00,East,89.06669196574602,Mask,0.7766900939328738,0
